#Complex,Subunit ID,Subunit Name,Subunit Stoichiometry
isocit_dh_yeast,YOR136W,IDH2,4
,YNL037C,IDH1,4
rad55-rad57_yeast,YDR076W,RAD55,1
,YDR004W,RAD57,1
mpp_yeast,YHR024C,MAS2,1
,YLR163C,MAS1,1
cct_yeast,YDR212W,TCP1,2
,YJL008C,CCT8,2
,YJL111W,CCT7,2
,YJR064W,CCT5,2
,YJL014W,CCT3,2
,YDL143W,CCT4,2
,YDR188W,CCT6,2
,YIL142W,CCT2,2
rnapolii_specific_subunits,YOL005C,RPB11,1
,YGL070C,RPB9,1
,YIL021W,RPB3,1
,YDL140C,RPO21,1
,YOR151C,RPB2,1
slx5-slx8_yeast,YDL013W,SLX5,1
,YER116C,SLX8,1
gpit_yeast,YHR188C,GPI16,1
,YLR088W,GAA1,1
,YDR434W,GPI17,1
,YDR331W,GPI8,1
,YLR459W,GAB1,1
trna-phe-synth_yeast,YLR060W,FRS1,2
,YFL022C,FRS2,2
ku70_80_yeast,YMR106C,YKU80,1
,YMR284W,YKU70,1
rpa_yeast,YJL173C,RFA3,1
,YNL312W,RFA2,1
,YAR007C,RFA1,1
sm_yeast_D1D2_dimer,YLR275W,SMD2,1
,YGR074W,SMD1,1
msh4-msh5_yeast,YFL003C,MSH4,1
,YDL154W,MSH5,1
cytc_oxidase_yeast-1,YLR038C,COX12,1
,YHR051W,COX6,1
,YDL067C,COX9,1
,YGL191W,COX13,1
,YLR395C,COX8,2
,YMR256C,COX7,1
,YGL187C,COX4,1
sm_yeast_D3B_dimer,YER029C,SMB1,1
,YLR147C,SMD3,1
copii_yeast,YIL109C_YNL049C_YHR098C,SEC24_SFB2_SFB3,1
,YPR181C,SEC23,1
elongator_yeast_subcomplex_1,YPL101W,ELP4,1
,YMR312W,ELP6,1
,YHR187W,IKI1,1
elongator_yeast_subcomplex_2,YLR384C,IKI3,1
,YGR200C,ELP2,1
,YPL086C,ELP3,1
srp_yeast,YDL092W,SRP14,2
,YPL210C,SRP72,1
,YKL122C,SRP21,1
,YPL243W,SRP68,1
,YML105C,SEC65,1
gins_yeast,YDR489W,SLD5,1
,YOL146W,PSF3,1
,YJL072C,PSF2,1
,YDR013W,PSF1,1
ost_yeast,YOR103C,OST2,1
,YDL232W,OST4,1
,YOR085W_YML019W,OST3_OST6,1
,YJL002C,OST1,1
,YEL002C,WBP1,1
,YMR149W,SWP1,1
,YGL022W,STT3,1
,YGL226C-A,OST5,1
clathrin_yeast,YGL206C,CHC1,3
,YGR167W,CLC1,3
tim8-tim13_yeast,YJR135W-A,TIM8,3
,YGR181W,TIM13,3
arp2_3_yeast,YBR234C,ARC40,1
,YDL029W,ARP2,1
,YNR035C,ARC35,1
,YIL062C,ARC15,1
,YKL013C,ARC19,1
,YLR370C,ARC18,1
,YJR065C,ARP3,1
rfc_yeast,YNL290W,RFC3,1
,YOL094C,RFC4,1
,YBR087W,RFC5,1
,YJR068W,RFC2,1
rad1_rad10,YML095C,RAD10,1
,YPL022W,RAD1,1
Alpha-ketoglutarate dehydrogenase,YIL125W,KGD1,1
,YDR148C,KGD2,2
dss1-suv3_yeast,YMR287C,DSS1,1
,YPL029W,SUV3,1
Core Exosome,YOL142W,RRP40,1
,YDL111C,RRP42,1
,YNL232W,CSL4,1
,YGR095C,RRP46,1
,YGR195W,SKI6,1
,YGR158C,MTR3,1
,YHR069C,RRP4,1
,YDR280W,RRP45,1
,YCR035C,RRP43,1
cbf_yeast,YGL237C,HAP2,1
,YBL021C,HAP3,1
swi_snf,YHL025W,SNF6,2
,YDR073W,SNF11,2
,YNR023W,SNF12,1
,YFL049W,SWP82,2
,YPL016W,SWI1,1
tfiid_yeast,YGR274C,TAF1,1
,YML114C,TAF8,1
,YML015C,TAF11,1
,YMR005W,TAF4,2
,YPL011C,TAF3,1
,YMR227C,TAF7,1
,YML098W,TAF13,1
,YCR042C,TAF2,1
agglutinin_yeast,YGL032C,AGA2,1
,YNR044W,AGA1,1
Gamma-tubulin complex,YNL126W,SPC98,1
,YHR172W,SPC97,1
,YLR212C,TUB4,2
eif2b_yeast,YGR083C,GCD2,2
,YLR291C,GCD7,2
,YOR260W,GCD1,2
,YKR026C,GCN3,2
,YDR211W,GCD6,2
dash_yeast,YDR201W,SPC19,1
,YKR083C,DAD2,1
,YBR233W-A,DAD3,1
,YDR320C-A,DAD4,1
,YKL138C-A,HSK3,1
,YGR113W,DAM1,1
,YGL061C,DUO1,1
,YKR037C,SPC34,1
,YDR016C,DAD1,1
,YKL052C,ASK1,1
ER membrane protein complex,YJR088C,EMC2,1
,YGL231C,EMC4,1
,YCL045C,EMC1,1
,YLL014W,EMC6,1
,YKL207W,EMC3,1
,YIL027C,EMC5,1
scc2-scc4_yeast,YER147C,SCC4,1
,YDR180W,SCC2,1
9-1-1-clamp_yeast,YLR288C,MEC3,1
,YOR368W,RAD17,1
,YPL194W,DDC1,1
ubol_cytc_yeast,YJL166W,QCR8,1
,YHR001W-A,QCR10,1
,YEL024W,RIP1,1
,YDR529C,QCR7,1
,YGR183C,QCR9,1
,YPR191W,QCR2,1
,YOR065W,CYT1,1
,YBL045C,COR1,1
,YFR033C,QCR6,1
hda1_yeast-1,YPR179C,HDA3,1
,YNL021W,HDA1,2
,YDR295C,HDA2,1
ubp3-bre5_yeast,YER151C,UBP3,2
,YNR051C,BRE5,2
alphabeta_tubulin,YML085C_YML124C,TUB1_TUB3,1
,YFL037W,TUB2,1
pdh_yeast,YBR221C,PDB1,24
,YER178W,PDA1,24
,YGR193C,PDX1,12
,YNL071W,LAT1,60
caf1_yeast,YPR018W,RLF2,1
,YML102W,CAC2,1
,YBR195C,MSI1,1
trappi_yeast,YDR246W,TRS23,1
,YOR115C,TRS33,1
,YDR472W,TRS31,1
,YML077W,BET5,1
,YKR068C,BET3,2
,YBR254C,TRS20,1
escrtii_yeast,YLR417W,VPS36,1
,YJR102C,VPS25,2
,YPL002C,SNF8,1
rnapol_common_subunits,YOR210W,RPB10,1
,YOR224C,RPB8,1
,YBR154C,RPB5,1
,YPR187W,RPO26,1
,YHR143W-A,RPC10,1
mus81-mms4_yeast,YBR098W,MMS4,3
,YDR386W,MUS81,3
mind_yeast,YAL034W-A,MTW1,1
,YJR112W,NNF1,1
,YIR010W,DSN1,1
,YPL233W,NSL1,1
sm_yeast_FEG_trimer,YOR159C,SME1,1
,YFL017W-A,SMX2,1
,YPR182W,SMX3,1
rnapoli_iii_common_subunits,YNL113W,RPC19,1
,YPR110C,RPC40,1
escrti_yeast,YCL008C,STP22,1
,YLR119W,SRN2,1
,YPL065W,VPS28,1
,YGR206W,MVB12,1
ste4-ste18_yeast,YOR212W,STE4,1
,YJR086W,STE18,1
trna_splice_yeast,YPL083C,SEN54,1
,YMR059W,SEN15,1
,YAR008W,SEN34,1
,YLR105C,SEN2,1
V-ATPase,YKL080W,VMA5,1
,YHR039C-A,VMA10,3
,YEL051W,VMA8,1
,YPR036W,VMA13,1
,YDL185W,VMA1,3
,YOR332W,VMA4,3
,YGR020C,VMA7,1
,YEL027W,VMA3,8
,YLR447C,VMA6,1
,YOR270C,VPH1,1
,YPL234C,VMA11,1
,YBR127C,VMA2,3
,YCL005W-A,VMA9,1
,YHR026W,VMA16,1
nfs1-isd11_yeast,YCL017C,NFS1,3
,YER048W-A,ISD11,3
cp_yeast,YKL007W,CAP1,1
,YIL034C,CAP2,1
19S Proteasome,YPR108W,RPN7,1
,YDL097C,RPN6,1
,YLR421C,RPN13,1
,YDL147W,RPN5,1
,YDL007W,RPT2,1
,YOR117W,RPT5,1
,YHR200W,RPN10,1
,YHR027C,RPN1,1
,YKL145W,RPT1,1
,YIL075C,RPN2,1
,YER021W,RPN3,1
,YGL048C,RPT6,1
,YDR427W,RPN9,1
,YOR259C,RPT4,1
,YDR394W,RPT3,1
,YFR004W,RPN11,1
,YFR052W,RPN12,1
,YOR261C,RPN8,1
succinate_dh_yeast,YDR178W,SDH4,1
,YLL041C,SDH2,1
,YKL148C,SDH1,1
mpol-i_yeast,YML115C,VAN1,1
,YPL050C,MNN9,1
lsm2_7_yeast,YBL026W,LSM2,1
,YER112W,LSM4,1
,YDR378C,LSM6,1
,YER146W,LSM5,1
,YNL147W,LSM7,1
,YLR438C-A,LSM3,1
hir_yeast-1,YBR215W,HPC2,2
,YOR038C,HIR2,2
,YJR140C,HIR3,1
,YBL008W,HIR1,1
rac_yeast,YGR285C,ZUO1,1
,YHR064C,SSZ1,1
ggtase-2_yeast,YJL031C,BET4,1
,YPR176C,BET2,1
NDC80,YOL069W,NUF2,1
,YER018C,SPC25,1
,YIL144W,NDC80,1
,YMR117C,SPC24,1
tfiie_yeast,YKR062W,TFA2,2
,YKL028W,TFA1,2
cpc_yeast-1,YKL182W,FAS1,6
,YPL231W,FAS2,6
cohesin_yeast,YJL074C,SMC3,1
,YFL008W,SMC1,1
mito_f1f0_atp_synthase_yeast,YPR020W,ATP20,1
,YML081C-A,ATP18,1
,YDR298C,ATP5,1
,YJR121W,ATP2,3
,YLR295C,ATP14,1
,YBR039W,ATP3,1
,YDR377W,ATP17,1
,YBL099W,ATP1,3
,YOL077W-A,ATP19,1
,YDR322C-A,TIM11,1
,YKL016C,ATP7,1
,YPL271W,ATP15,1
,YDL004W,ATP16,1
,YPL078C,ATP4,1
gimc_yeast,YJL179W,PFD1,1
,YEL003W,GIM4,1
,YNL153C,GIM3,1
,YLR200W,YKE2,1
,YML094W,GIM5,1
,YGR078C,PAC10,1
sulfite-reductase_yeast,YJR137C,MET5,2
,YFR030W,MET10,2
shu_yeast,YIL132C,CSM2,1
,YHL006C,SHU1,1
,YDR078C,SHU2,1
,YLR376C,PSY3,1
trna_a34_yeast,YLR316C,TAD3,1
,YJL035C,TAD2,1
sf3a_yeast,YDL043C,PRP11,1
,YDL030W,PRP9,1
,YJL203W,PRP21,1
condensin_yeast,YLR272C,YCS4,1
,YLR086W,SMC4,1
,YDR325W,YCG1,1
,YFR031C,SMC2,1
,YBL097W,BRN1,1
atg17-atg29-atg31_yeast,YDR022C,ATG31,1
,YLR423C,ATG17,1
,YPL166W,ATG29,1
ahas_yeast,YCL009C,ILV6,2
,YMR108W,ILV2,2
trm8-trm81_yeast,YDL201W,TRM8,1
,YDR165W,TRM82,1
dug2_dug3_yeast,YBR281C,DUG2,1
,YNL191W,DUG3,1
fact_yeast,YML069W,POB3,1
,YGL207W,SPT16,1
pol-prim_yeast,YIR008C,PRI1,1
,YBL035C,POL12,1
,YNL102W,POL1,1
,YKL045W,PRI2,1
calcineurin,YLR433C_YML057W,CNA1_CMP2,1
,YKL190W,CNB1,1
pfk_yeast,YGR240C,PFK1,4
,YMR205C,PFK2,4
cbc_yeast,YMR125W,STO1,1
,YPL178W,CBC2,1
mcm2-7_yeast,YLR274W,MCM5,1
,YBR202W,MCM7,1
,YGL201C,MCM6,1
,YEL032W,MCM3,1
,YBL023C,MCM2,1
,YPR019W,MCM4,1
sas_yeast,YMR127C,SAS2,1
,YDR181C,SAS4,1
,YOR213C,SAS5,1
ORC,YHR118C,ORC6,1
,YPR162C,ORC4,1
,YLL004W,ORC3,1
,YML065W,ORC1,1
,YBR060C,ORC2,1
,YNL261W,ORC5,1
eif2_yeast,YPL237W,SUI3,1
,YJR007W,SUI2,1
,YER025W,GCD11,1
ski_yeast,YPR189W,SKI3,1
,YGL213C,SKI8,2
,YLR398C,SKI2,1
sr_yeast,YKL154W,SRP102,1
,YDR292C,SRP101,1
mms2-ubc13_yeast,YDR092W,UBC13,1
,YGL087C,MMS2,1
ceramide-synth_yeast,YKL008C,LAC1,1
,YHL003C,LAG1,1
,YMR298W,LIP1,2
rnapoli_specific_subunits,YNL248C,RPA49,1
,YOR341W,RPA190,1
,YOR340C,RPA43,1
,YJL148W,RPA34,1
,YJR063W,RPA12,1
,YPR010C,RPA135,1
,YDR156W,RPA14,1
dpol-epsilon_yeast,YPR175W,DPB2,1
,YBR278W,DPB3,1
,YNL262W,POL2,1
Mitochondrial SAM complex,YMR060C,SAM37,1
,YHR083W,SAM35,1
,YNL026W,SAM50,1
H3H4_dimer,YBR009C_YNL030W,HHF1_HHF2,2
,YBR010W_YNL031C,HHT1_HHT2,2
spt4-spt5_yeast,YGR063C,SPT4,1
,YML010W,SPT5,1
80S Ribosome,YML024W_YDR447C,RPS17A_RPS17B,1
,YLR287C-A_YOR182C,RPS30A_RPS30B,1
,YBL087C_YER117W,RPL23A_RPL23B,1
,YFR031C-A_YIL018W,RPL2A_RPL2B,1
,YPL143W_YOR234C,RPL33A_RPL33B,1
,YJL190C_YLR367W,RPS22A_RPS22B,1
,YGL123W,RPS2,1
,YOL127W,RPL25,1
,YDL075W_YLR406C,RPL31A_RPL31B,1
,YMR143W_YDL083C,RPS16A_RPS16B,1
,YGL189C_YER131W,RPS26A_RPS26B,1
,YBR031W_YDR012W,RPL4A_RPL4B,1
,YOL040C,RPS15,1
,YGL030W,RPL30,1
,YFR032C-A,RPL29,1
,YOL120C_YNL301C,RPL18A_RPL18B,1
,YEL054C_YDR418W,RPL12A_RPL12B,1
,YMR194W_YPL249C-A,RPL36A_RPL36B,1
,YBR084C-A_YBL027W,RPL19A_RPL19B,1
,YDL191W_YDL136W,RPL35A_RPL35B,1
,YDL081C_YDL130W,RPP1A_RPP1B,1
,YOL039W,RPP2A,1
,YHL033C_YLL045C,RPL8A_RPL8B,1
,YPL131W,RPL5,1
,YKL006W_YHL001W,RPL14A_RPL14B,1
,YLR075W,RPL10,1
,YOL121C_YNL302C,RPS19A_RPS19B,1
,YGL031C_YGR148C,RPL24A_RPL24B,1
,YER074W_YIL069C,RPS24A_RPS24B,1
,YJR145C_YHR203C,RPS4A_RPS4B,1
,YJL189W,RPL39,1
,YCR031C_YJL191W,RPS14A_RPS14B,1
,YLR325C,RPL38,1
,YLR340W,RPP0,1
,YBL072C_YER102W,RPS8A_RPS8B,1
,YPL081W_YBR189W,RPS9A_RPS9B,1
,YBR191W_YPL079W,RPL21A_RPL21B,1
,YHL015W,RPS20,1
,YGR027C_YLR333C,RPS25A_RPS25B,1
,YGL147C_YNL067W,RPL9A_RPL9B,1
,YIL133C_YNL069C,RPL16A_RPL16B,1
,YML073C_YLR448W,RPL6A_RPL6B,1
,YGL103W,RPL28,1
,YPL220W_YGL135W,RPL1A_RPL1B,1
,YPR102C_YGR085C,RPL11A_RPL11B,1
,YHR010W_YDR471W,RPL27A_RPL27B,1
,YMR242C_YOR312C,RPL20A_RPL20B,1
,YKL180W_YJL177W,RPL17A_RPL17B,1
,YBL092W,RPL32,1
,YOR063W,RPL3,1
,YOR096W_YNL096C,RPS7A_RPS7B,1
,YNL178W,RPS3,1
,YDR450W_YML026C,RPS18A_RPS18B,1
,YLR344W_YGR034W,RPL26A_RPL26B,1
,YGL076C_YPL198W,RPL7A_RPL7B,1
,YLR441C_YML063W,RPS1A_RPS1B,1
,YDL184C_YDL133C-A,RPL41A_RPL41B,1
,YJR123W,RPS5,1
,YOR369C,RPS12,1
,YKR057W_YJL136C,RPS21A_RPS21B,1
,YDR064W,RPS13,1
,YGR118W_YPR132W,RPS23A_RPS23B,1
,YNL162W_YHR141C,RPL42A_RPL42B,1
,YLR185W_YDR500C,RPL37A_RPL37B,1
,YIL148W_YKR094C,RPL40A_RPL40B,1
,YER056C-A_YIL052C,RPL34A_RPL34B,1
,YKL156W_YHR021C,RPS27A_RPS27B,1
,YLR061W_YFL034C-A,RPL22A_RPL22B,1
,YOR167C_YLR264W,RPS28A_RPS28B,1
,YLR388W_YDL061C,RPS29A_RPS29B,1
,YPL090C_YBR181C,RPS6A_RPS6B,1
,YDL082W_YMR142C,RPL13A_RPL13B,1
,YLR029C_YMR121C,RPL15A_RPL15B,1
,YOR293W_YMR230W,RPS10A_RPS10B,1
,YGR214W_YLR048W,RPS0A_RPS0B,1
,YDR025W_YBR048W,RPS11A_RPS11B,1
,YLR167W,RPS31,1
,YPR043W_YJR094W-A,RPL43A_RPL43B,1
boxh_aca_yeast,YLR175W,CBF5,1
,YHR089C,GAR1,1
,YHR072W-A,NOP10,1
20S Proteasome,YBL041W,PRE7,1
,YOL038W_YGR135W,PRE6_PRE9,2
,YOR362C,PRE10,1
,YOR157C,PUP1,1
,YPR103W,PRE2,1
,YFR050C,PRE4,1
,YGR253C,PUP2,1
,YML092C,PRE8,1
,YMR314W,PRE5,1
,YER094C,PUP3,1
,YGL011C,SCL1,1
,YER012W,PRE1,1
,YJL001W,PRE3,1
Mitoribosome,YPR166C,MRP2,1
,YKL003C,MRP17,1
,YGL129C,RSM23,1
,YHL004W,MRP4,1
,YKL155C,RSM22,1
,YJR113C,RSM7,1
,YCR003W,MRPL32,1
,YDR041W,RSM10,1
,YDR347W,MRP1,1
,YDR405W,MRP20,1
,YMR158W,MRPS8,1
,YKL138C,MRPL31,1
,YOR150W,MRPL23,1
,YPL173W,MRPL40,1
,YGR076C,MRPL25,1
,YBL090W,MRP21,1
,YDR116C,MRPL1,1
,YCR046C,IMG1,1
,YBR282W,MRPL27,1
,YDL045W-A,MRP10,1
,YBR146W,MRPS9,1
,YDR337W,MRPS28,1
,YKR085C,MRPL20,1
,YGR220C,MRPL9,1
,YNL005C,MRP7,1
,YNR022C,MRPL50,1
,YJL063C,MRPL8,1
,YKL167C,MRP49,1
,YPR100W,MRPL51,1
,YIL093C,RSM25,1
,YEL050C,RML2,1
,YPL118W,MRP51,1
,YGL068W,MNP1,1
,YDL202W,MRPL11,1
,YNL284C,MRPL10,1
,YLR439W,MRPL4,1
,YBR268W,MRPL37,1
,YBR122C,MRPL36,1
,YDR462W,MRPL28,1
,YER050C,RSM18,1
,YNL306W,MRPS18,1
,YLR312W-A,MRPL15,1
,YCR071C,IMG2,1
,YDR237W,MRPL7,1
,YGR165W,MRPS35,1
,YMR286W,MRPL33,1
,YMR225C,MRPL44,1
,YBR251W,MRPS5,1
,YGR084C,MRP13,1
,YMR193W,MRPL24,1
,YDR175C,RSM24,1
,YHR147C,MRPL6,1
,YMR024W,MRPL3,1
,YJR101W,RSM26,1
,YNR037C,RSM19,1
,YBL038W,MRPL16,1
,YMR188C,MRPS17,1
,YKL170W,MRPL38,1
,YGR215W,RSM27,1
,YKR006C,MRPL13,1
,YDR322W,MRPL35,1
,YNL137C,NAM9,1
,YML025C,YML6,1
,YPL013C,MRPS16,1
,YNL177C,MRPL22,1
,YOR158W,PET123,1
,YML009C,MRPL39,1
,YNL252C,MRPL17,1
dna-ligase-iv_yeast,YOR005C,DNL4,1
,YGL090W,LIF1,2
tho_yeast,YML062C,MFT1,1
,YHR167W,THP2,1
,YDR138W,HPR1,1
mrna_capping_yeast,YGL130W,CEG1,1
,YPL228W,CET1,2
aos1-uba2_yeast,YPR180W,AOS1,1
,YDR390C,UBA2,1
keops_yeast,YJL184W,GON7,1
,YKR095W-A,PCC1,1
,YML036W,CGI121,1
,YGR262C,BUD32,1
,YKR038C,KAE1,1
sec62-sec63_yeast,YBR171W,SEC66,1
,YPL094C,SEC62,1
,YOR254C,SEC63,1
,YLR292C,SEC72,1
rnapoliii_specific_subunits,YDR045C,RPC11,1
,YKL144C,RPC25,1
,YNL151C,RPC31,1
,YOR207C,RET1,1
,YJL011C,RPC17,1
,YKR025W,RPC37,1
,YNR003C,RPC34,1
,YOR116C,RPO31,1
,YDL150W,RPC53,1
pan_yeast,YKL025C,PAN3,2
,YGL094C,PAN2,1
alg_yeast,YGL047W,ALG13,1
,YBR070C,ALG14,1
bbp-mud2_yeast,YKL074C,MUD2,1
,YLR116W,MSL5,1
tfiia_yeast,YOR194C,TOA1,1
,YKL058W,TOA2,1
sea_yeast,YHL023C,NPR3,1
,YJR138W,IML1,1
,YEL062W,NPR2,1
eif3-core_yeast,YMR309C,NIP1,1
,YDR429C,TIF35,1
,YMR146C,TIF34,1
,YOR361C,PRT1,1
,YBR079C,RPG1,1
###,Post-Translational Dosage Compensation Buffers Genetic Perturbations to Stoichiometry of Protein Complexes | PLOS Genetics,,
,YAL036C,RBG1,
,YOR091W,TMA46,
,YDR152W,GIR2,
,YAL027W,SAW1,
,YAR002C-A,ERP1,
,YAL007C,ERP2,
,YGL200C,EMP24,
,YML012W,Erv25,
###,Yeastmine,,
,YDL147W,,
,YDR427W,,
,YER012W,,
,YER094C,,
,YFR050C,,
,YGL011C,,
,YGR135W,,
,YGR253C,,
,YJL001W,,
,YML092C,,
,YMR314W,,
,YOL038W,,
,YOR157C,,
,YOR261C,,
,YOR362C,,
,YPR103W,,
,YDL007W,,
,YDL097C,,
,YDR363W-A,,
,YDR394W,,
,YER021W,,
,YFR004W,,
,YFR052W,,
,YGL048C,,
,YHR027C,,
,YIL075C,,
,YKL145W,,
,YLR421C,,
,YOR117W,,
,YOR259C,,
,YPR108W,,
,YBL041W,,
,YHR200W,,
,Q0140,,
,YBL090W,,
,YBR146W,,
,YBR251W,,
,YDL045W-A,,
,YDR036C,,
,YDR041W,,
,YDR175C,,
,YDR337W,,
,YDR347W,,
,YDR494W,,
,YER050C,,
,YGL129C,,
,YGR084C,,
,YGR165W,,
,YGR215W,,
,YHL004W,,
,YHR059W,,
,YIL093C,,
,YJR101W,,
,YJR113C,,
,YKL003C,,
,YLR204W,,
,YMR158W,,
,YMR188C,,
,YNL081C,,
,YNL137C,,
,YNL306W,,
,YNR036C,,
,YNR037C,,
,YOR158W,,
,YPL013C,,
,YPL118W,,
,YPR166C,,
